{
  "id": null,
  "title": "BIND DNS Exporter Dashboard",
  "tags": [
    "bind",
    "dns",
    "monitoring"
  ],
  "timezone": "browser",
  "schemaVersion": 38,
  "version": 1,
  "refresh": "30s",
  "panels": [
    {
      "type": "row",
      "title": "BIND Health",
      "collapsed": false,
      "panels": [
        {
          "type": "stat",
          "title": "BIND Up",
          "targets": [
            {
              "expr": "bind_up"
            }
          ],
          "datasource": {
            "type": "prometheus",
            "uid": "prometheus"
          },
          "fieldConfig": {
            "defaults": {
              "color": {
                "mode": "thresholds"
              },
              "thresholds": {
                "mode": "absolute",
                "steps": [
                  {
                    "color": "red",
                    "value": 0
                  },
                  {
                    "color": "green",
                    "value": 1
                  }
                ]
              }
            }
          }
        },
        {
          "type": "gauge",
          "title": "DNS Query Latency",
          "targets": [
            {
              "expr": "bind_latency_seconds"
            }
          ],
          "datasource": {
            "type": "prometheus",
            "uid": "prometheus"
          },
          "fieldConfig": {
            "defaults": {
              "unit": "s"
            }
          }
        }
      ]
    },
    {
      "type": "row",
      "title": "DNS Performance",
      "collapsed": false,
      "panels": [
        {
          "type": "timeseries",
          "title": "Total DNS Queries",
          "targets": [
            {
              "expr": "bind_queries_total"
            }
          ],
          "datasource": {
            "type": "prometheus",
            "uid": "prometheus"
          }
        },
        {
          "type": "timeseries",
          "title": "DNS Query Failures",
          "targets": [
            {
              "expr": "bind_query_failures_total"
            }
          ],
          "datasource": {
            "type": "prometheus",
            "uid": "prometheus"
          }
        },
        {
          "type": "timeseries",
          "title": "NXDOMAIN Responses",
          "targets": [
            {
              "expr": "increase(bind_responses_by_rcode_total{rcode=\"NXDOMAIN\"}[5m])"
            }
          ],
          "datasource": {
            "type": "prometheus",
            "uid": "prometheus"
          }
        },
        {
          "type": "timeseries",
          "title": "SERVFAIL Responses",
          "targets": [
            {
              "expr": "increase(bind_responses_by_rcode_total{rcode=\"SERVFAIL\"}[5m])"
            }
          ],
          "datasource": {
            "type": "prometheus",
            "uid": "prometheus"
          }
        },
        {
          "type": "gauge",
          "title": "Truncated Answers (%)",
          "targets": [
            {
              "expr": "bind_truncated_percent"
            }
          ],
          "datasource": {
            "type": "prometheus",
            "uid": "prometheus"
          },
          "fieldConfig": {
            "defaults": {
              "unit": "percent"
            }
          }
        }
      ]
    },
    {
      "type": "row",
      "title": "System Metrics",
      "collapsed": false,
      "panels": [
        {
          "type": "timeseries",
          "title": "CPU Utilization",
          "targets": [
            {
              "expr": "system_cpu_utilization_percent"
            }
          ],
          "datasource": {
            "type": "prometheus",
            "uid": "prometheus"
          },
          "fieldConfig": {
            "defaults": {
              "unit": "percent"
            }
          }
        },
        {
          "type": "timeseries",
          "title": "NIC Utilization",
          "targets": [
            {
              "expr": "system_nic_utilization_percent"
            }
          ],
          "datasource": {
            "type": "prometheus",
            "uid": "prometheus"
          }
        },
        {
          "type": "stat",
          "title": "FRR Status",
          "targets": [
            {
              "expr": "frr_status"
            }
          ],
          "datasource": {
            "type": "prometheus",
            "uid": "prometheus"
          }
        },
        {
          "type": "stat",
          "title": "Chronyd Status",
          "targets": [
            {
              "expr": "chronyd_status"
            }
          ],
          "datasource": {
            "type": "prometheus",
            "uid": "prometheus"
          }
        },
        {
          "type": "timeseries",
          "title": "Chronyd Time Drift",
          "targets": [
            {
              "expr": "chronyd_time_drift_seconds"
            }
          ],
          "datasource": {
            "type": "prometheus",
            "uid": "prometheus"
          },
          "fieldConfig": {
            "defaults": {
              "unit": "s"
            }
          }
        }
      ]
    }
  ]
}