{
  "__requires": [],
  "annotations": {"list": []},
  "editable": true,
  "fiscalYearStartMonth": 0,
  "graphTooltip": 0,
  "id": null,
  "iteration": 1,
  "links": [],
  "liveNow": false,
  "panels": [
    {
      "type": "stat",
      "title": "BIND Up",
      "targets": [{"expr": "bind_up"}]
    },
    {
      "type": "timeseries",
      "title": "DNS Latency",
      "targets": [{"expr": "bind_latency_seconds"}]
    },
    {
      "type": "timeseries",
      "title": "Record Accuracy",
      "targets": [{"expr": "bind_record_accuracy"}]
    },
    {
      "type": "timeseries",
      "title": "Direct vs BGP Difference",
      "targets": [{"expr": "bind_direct_vs_bgp_difference"}]
    },
    {
      "type": "timeseries",
      "title": "Cache Hit Ratio",
      "targets": [{"expr": "bind_cache_hit_ratio"}]
    },
    {
      "type": "timeseries",
      "title": "NXDOMAIN Answers",
      "targets": [{"expr": "rate(bind_responses_by_rcode_total{rcode="NXDOMAIN"}[5m])"}]
    },
    {
      "type": "timeseries",
      "title": "SERVFAIL Answers",
      "targets": [{"expr": "rate(bind_responses_by_rcode_total{rcode="SERVFAIL"}[5m])"}]
    },
    {
      "type": "timeseries",
      "title": "Truncated %",
      "targets": [{"expr": "bind_truncated_percent"}]
    },
    {
      "type": "timeseries",
      "title": "UDP vs TCP Queries",
      "targets": [{"expr": "rate(bind_queries_by_transport_total[5m])"}]
    },
    {
      "type": "timeseries",
      "title": "Answer Size",
      "targets": [{"expr": "dns_answer_size_bytes"}]
    },
    {
      "type": "timeseries",
      "title": "EDNS Fragmentation Events",
      "targets": [{"expr": "dns_edns_fragmented_total"}]
    },
    {
      "type": "timeseries",
      "title": "CPU Utilization",
      "targets": [{"expr": "system_cpu_utilization_percent"}]
    },
    {
      "type": "timeseries",
      "title": "NIC Utilization",
      "targets": [{"expr": "system_nic_utilization_percent"}]
    },
    {
      "type": "timeseries",
      "title": "Chrony Drift",
      "targets": [{"expr": "chronyd_time_drift_seconds"}]
    },
    {
      "type": "stat",
      "title": "FRR Status",
      "targets": [{"expr": "frr_status"}]
    },
    {
      "type": "stat",
      "title": "Chronyd Status",
      "targets": [{"expr": "chronyd_status"}]
    }
  ],
  "refresh": "10s",
  "schemaVersion": 38,
  "style": "dark",
  "tags": ["bind", "dns"],
  "templating": {"list": []},
  "time": {"from": "now-1h", "to": "now"},
  "timezone": "",
  "title": "BIND DNS Dashboard",
  "uid": "bind-dns-dashboard",
  "version": 1,
  "weekStart": ""
}